Original Operator,NNG Operator,Target,Staging Usage,Peak% (Staging),Op Cycles,Network% (cycles),NPU,SRAM AC,DRAM AC,OnFlash AC,OffFlash AC,MAC Count,Network% (MAC),Util% (MAC),Name
Conv2D,Conv2D,NPU,51200,14.192575508936887,32226,7.967168127371843,10517,2500,32226,0,0,1382400,3.3950403529427367,2.094582014522435,model_1/tf.math.add/Add;model_1/tf.nn.convolution/convolution;Const_1381
Prelu,Mul,NPU,102400,28.385151017873774,3200,0.7911294609194408,1600,3200,0,0,0,0,0.0,0.0,model_1/tf.__operators__.add/AddV2;model_1/tf.nn.relu/Relu;model_1/tf.math.negative/Neg;model_1/tf.nn.relu_1/Relu;model_1/tf.math.multiply_1/Mul1_rescaled
Prelu,Mul,NPU,153600,42.577726526810665,5000,1.2361397826866263,3200,5000,39,0,0,0,0.0,0.0,model_1/tf.__operators__.add/AddV2;model_1/tf.nn.relu/Relu;model_1/tf.math.negative/Neg;model_1/tf.nn.relu_1/Relu;model_1/tf.math.multiply_1/Mul1
Prelu,Maximum,NPU,0,0.0,0,0.0,0,0,0,0,0,0,0.0,100,model_1/tf.__operators__.add/AddV2;model_1/tf.nn.relu/Relu;model_1/tf.math.negative/Neg;model_1/tf.nn.relu_1/Relu;model_1/tf.math.multiply_1/Mul1
DepthwiseConv2D,DepthwiseConv2D,NPU,103184,28.60247483035437,4835,1.1953471698579676,4835,4509,1562,0,0,460800,1.1316801176475788,4.653567735263702,model_1/tf.math.add_1/Add;model_1/tf.compat.v1.nn.depthwise_conv2d/depthwise;Const_1351
Prelu,Mul,NPU,102400,28.385151017873774,3200,0.7911294609194408,1600,3200,0,0,0,0,0.0,0.0,model_1/tf.__operators__.add_1/AddV2;model_1/tf.nn.relu_2/Relu;model_1/tf.math.negative_1/Neg;model_1/tf.nn.relu_3/Relu;model_1/tf.math.multiply_3/Mul1_rescaled
Prelu,Mul,NPU,153600,42.577726526810665,5000,1.2361397826866263,3200,5000,39,0,0,0,0.0,0.0,model_1/tf.__operators__.add_1/AddV2;model_1/tf.nn.relu_2/Relu;model_1/tf.math.negative_1/Neg;model_1/tf.nn.relu_3/Relu;model_1/tf.math.multiply_3/Mul1
Prelu,Maximum,NPU,0,0.0,0,0.0,0,0,0,0,0,0,0.0,100,model_1/tf.__operators__.add_1/AddV2;model_1/tf.nn.relu_2/Relu;model_1/tf.math.negative_1/Neg;model_1/tf.nn.relu_3/Relu;model_1/tf.math.multiply_3/Mul1
Conv2D,Conv2D,NPU,236320,65.50760633343683,41015,10.140054637378395,12154,9770,41015,0,0,5273600,12.95145023530007,6.278190905766183,model_1/tf.math.add_2/Add;model_1/tf.nn.convolution_1/convolution;Const_1321
Prelu,Mul,NPU,358400,99.34802856255821,11200,2.7689531132180427,5600,11200,0,0,0,0,0.0,0.0,model_1/tf.__operators__.add_2/AddV2;model_1/tf.nn.relu_4/Relu;model_1/tf.math.negative_2/Neg;model_1/tf.nn.relu_5/Relu;model_1/tf.math.multiply_5/Mul1_rescaled
Prelu,Mul,NPU,358400,99.34802856255821,17500,4.326489239403192,11200,17500,136,0,0,0,0.0,0.0,model_1/tf.__operators__.add_2/AddV2;model_1/tf.nn.relu_4/Relu;model_1/tf.math.negative_2/Neg;model_1/tf.nn.relu_5/Relu;model_1/tf.math.multiply_5/Mul1
Prelu,Maximum,NPU,0,0.0,0,0.0,0,0,0,0,0,0,0.0,100,model_1/tf.__operators__.add_2/AddV2;model_1/tf.nn.relu_4/Relu;model_1/tf.math.negative_2/Neg;model_1/tf.nn.relu_5/Relu;model_1/tf.math.multiply_5/Mul1
DepthwiseConv2D,DepthwiseConv2D,NPU,47152,13.070475007761564,38281,9.464133404205347,8924,2187,38281,0,0,370800,0.9106488446695361,0.47296227240667693,model_1/tf.math.add_3/Add;model_1/tf.compat.v1.nn.depthwise_conv2d_1/depthwise;Const_1281
Prelu,Mul,NPU,89600,24.837007140639553,2800,0.6922382783045107,1400,2800,0,0,0,0,0.0,0.0,model_1/tf.__operators__.add_3/AddV2;model_1/tf.nn.relu_6/Relu;model_1/tf.math.negative_3/Neg;model_1/tf.nn.relu_7/Relu;model_1/tf.math.multiply_7/Mul1_rescaled
Prelu,Mul,NPU,134400,37.25551071095933,4375,1.081622309850798,2800,4375,136,0,0,0,0.0,0.0,model_1/tf.__operators__.add_3/AddV2;model_1/tf.nn.relu_6/Relu;model_1/tf.math.negative_3/Neg;model_1/tf.nn.relu_7/Relu;model_1/tf.math.multiply_7/Mul1
Prelu,Maximum,NPU,0,0.0,0,0.0,0,0,0,0,0,0,0.0,100,model_1/tf.__operators__.add_3/AddV2;model_1/tf.nn.relu_6/Relu;model_1/tf.math.negative_3/Neg;model_1/tf.nn.relu_7/Relu;model_1/tf.math.multiply_7/Mul1
Conv2D,Conv2D,NPU,78384,21.727946068213065,3800,0.9394662348418359,3800,2659,3124,0,0,2636800,6.475725117650035,33.88157894736842,model_1/tf.math.add_4/Add;model_1/tf.nn.convolution_2/convolution;Const_1251
Conv2D,Conv2D,NPU,33088,9.171951922650463,1500,0.37084193480598787,1041,1500,781,0,0,332800,0.8173245294121403,10.833333333333334,model_1/tf.math.add_5/Add;model_1/tf.nn.convolution_3/convolution;Const_1231
Prelu,Mul,NPU,38400,10.644431631702666,400,0.0988911826149301,200,400,0,0,0,0,0.0,0.0,model_1/tf.__operators__.add_4/AddV2;model_1/tf.nn.relu_8/Relu;model_1/tf.math.negative_4/Neg;model_1/tf.nn.relu_9/Relu;model_1/tf.math.multiply_9/Mul1_rescaled
Prelu,Mul,NPU,44800,12.418503570319777,625,0.15451747283582828,400,625,19,0,0,0,0.0,0.0,model_1/tf.__operators__.add_4/AddV2;model_1/tf.nn.relu_8/Relu;model_1/tf.math.negative_4/Neg;model_1/tf.nn.relu_9/Relu;model_1/tf.math.multiply_9/Mul1
Prelu,Maximum,NPU,0,0.0,0,0.0,0,0,0,0,0,0,0.0,100,model_1/tf.__operators__.add_4/AddV2;model_1/tf.nn.relu_8/Relu;model_1/tf.math.negative_4/Neg;model_1/tf.nn.relu_9/Relu;model_1/tf.math.multiply_9/Mul1
DepthwiseConv2D,DepthwiseConv2D,NPU,38832,10.76418148755932,2244,0.5547795344697578,2244,408,390,0,0,46800,0.11493626194858224,1.0183405748663101,model_1/tf.math.add_6/Add;model_1/tf.compat.v1.nn.depthwise_conv2d_2/depthwise;Const_1201
Prelu,Mul,NPU,38400,10.644431631702666,400,0.0988911826149301,200,400,0,0,0,0,0.0,0.0,model_1/tf.__operators__.add_5/AddV2;model_1/tf.nn.relu_10/Relu;model_1/tf.math.negative_5/Neg;model_1/tf.nn.relu_11/Relu;model_1/tf.math.multiply_11/Mul1_rescaled
Prelu,Mul,NPU,44800,12.418503570319777,625,0.15451747283582828,400,625,19,0,0,0,0.0,0.0,model_1/tf.__operators__.add_5/AddV2;model_1/tf.nn.relu_10/Relu;model_1/tf.math.negative_5/Neg;model_1/tf.nn.relu_11/Relu;model_1/tf.math.multiply_11/Mul1
Prelu,Maximum,NPU,0,0.0,0,0.0,0,0,0,0,0,0,0.0,100,model_1/tf.__operators__.add_5/AddV2;model_1/tf.nn.relu_10/Relu;model_1/tf.math.negative_5/Neg;model_1/tf.nn.relu_11/Relu;model_1/tf.math.multiply_11/Mul1
Conv2D,Conv2D,NPU,61264,16.982303632412293,6249,1.5449275004017455,4313,1250,6249,0,0,332800,0.8173245294121403,2.6004160665706513,model_1/tf.math.add_7/Add;model_1/tf.nn.convolution_4/convolution;Const_1171
Add,Add,NPU,0,0.0,0,0.0,0,0,0,0,0,0,0.0,100,model_1/tf.math.add_8/Add
Conv2D,Conv2D,NPU,33088,9.171951922650463,1500,0.37084193480598787,1058,1500,781,0,0,332800,0.8173245294121403,10.833333333333334,model_1/tf.math.add_9/Add;model_1/tf.nn.convolution_5/convolution;Const_1151
Prelu,Mul,NPU,38400,10.644431631702666,400,0.0988911826149301,200,400,0,0,0,0,0.0,0.0,model_1/tf.__operators__.add_6/AddV2;model_1/tf.nn.relu_12/Relu;model_1/tf.math.negative_6/Neg;model_1/tf.nn.relu_13/Relu;model_1/tf.math.multiply_15/Mul1_rescaled
Prelu,Mul,NPU,44800,12.418503570319777,625,0.15451747283582828,400,625,19,0,0,0,0.0,0.0,model_1/tf.__operators__.add_6/AddV2;model_1/tf.nn.relu_12/Relu;model_1/tf.math.negative_6/Neg;model_1/tf.nn.relu_13/Relu;model_1/tf.math.multiply_15/Mul1
Prelu,Maximum,NPU,0,0.0,0,0.0,0,0,0,0,0,0,0.0,100,model_1/tf.__operators__.add_6/AddV2;model_1/tf.nn.relu_12/Relu;model_1/tf.math.negative_6/Neg;model_1/tf.nn.relu_13/Relu;model_1/tf.math.multiply_15/Mul1
DepthwiseConv2D,DepthwiseConv2D,NPU,38816,10.759746307712778,2242,0.5542850785566832,2242,408,390,0,0,46800,0.11493626194858224,1.0192489964317573,model_1/tf.math.add_10/Add;model_1/tf.compat.v1.nn.depthwise_conv2d_3/depthwise;Const_1121
Prelu,Mul,NPU,38400,10.644431631702666,400,0.0988911826149301,200,400,0,0,0,0,0.0,0.0,model_1/tf.__operators__.add_7/AddV2;model_1/tf.nn.relu_14/Relu;model_1/tf.math.negative_7/Neg;model_1/tf.nn.relu_15/Relu;model_1/tf.math.multiply_17/Mul1_rescaled
Prelu,Mul,NPU,44800,12.418503570319777,625,0.15451747283582828,400,625,19,0,0,0,0.0,0.0,model_1/tf.__operators__.add_7/AddV2;model_1/tf.nn.relu_14/Relu;model_1/tf.math.negative_7/Neg;model_1/tf.nn.relu_15/Relu;model_1/tf.math.multiply_17/Mul1
Prelu,Maximum,NPU,0,0.0,0,0.0,0,0,0,0,0,0,0.0,100,model_1/tf.__operators__.add_7/AddV2;model_1/tf.nn.relu_14/Relu;model_1/tf.math.negative_7/Neg;model_1/tf.nn.relu_15/Relu;model_1/tf.math.multiply_17/Mul1
Conv2D,Conv2D,NPU,61248,16.97786845256575,6249,1.5449275004017455,4313,1250,6249,0,0,332800,0.8173245294121403,2.6004160665706513,model_1/tf.math.add_11/Add;model_1/tf.nn.convolution_6/convolution;Const_1091
Add,Add,NPU,0,0.0,0,0.0,0,0,0,0,0,0,0.0,100,model_1/tf.math.add_12/Add
Conv2D,Conv2D,NPU,33104,9.176387102497007,1500,0.37084193480598787,1060,1500,781,0,0,332800,0.8173245294121403,10.833333333333334,model_1/tf.math.add_13/Add;model_1/tf.nn.convolution_7/convolution;Const_1071
Prelu,Mul,NPU,38400,10.644431631702666,400,0.0988911826149301,200,400,0,0,0,0,0.0,0.0,model_1/tf.__operators__.add_8/AddV2;model_1/tf.nn.relu_16/Relu;model_1/tf.math.negative_8/Neg;model_1/tf.nn.relu_17/Relu;model_1/tf.math.multiply_21/Mul1_rescaled
Prelu,Mul,NPU,44800,12.418503570319777,625,0.15451747283582828,400,625,19,0,0,0,0.0,0.0,model_1/tf.__operators__.add_8/AddV2;model_1/tf.nn.relu_16/Relu;model_1/tf.math.negative_8/Neg;model_1/tf.nn.relu_17/Relu;model_1/tf.math.multiply_21/Mul1
Prelu,Maximum,NPU,0,0.0,0,0.0,0,0,0,0,0,0,0.0,100,model_1/tf.__operators__.add_8/AddV2;model_1/tf.nn.relu_16/Relu;model_1/tf.math.negative_8/Neg;model_1/tf.nn.relu_17/Relu;model_1/tf.math.multiply_21/Mul1
DepthwiseConv2D,DepthwiseConv2D,NPU,38832,10.76418148755932,2244,0.5547795344697578,2244,408,390,0,0,46800,0.11493626194858224,1.0183405748663101,model_1/tf.math.add_14/Add;model_1/tf.compat.v1.nn.depthwise_conv2d_4/depthwise;Const_1041
Prelu,Mul,NPU,38400,10.644431631702666,400,0.0988911826149301,200,400,0,0,0,0,0.0,0.0,model_1/tf.__operators__.add_9/AddV2;model_1/tf.nn.relu_18/Relu;model_1/tf.math.negative_9/Neg;model_1/tf.nn.relu_19/Relu;model_1/tf.math.multiply_23/Mul1_rescaled
Prelu,Mul,NPU,44800,12.418503570319777,625,0.15451747283582828,400,625,19,0,0,0,0.0,0.0,model_1/tf.__operators__.add_9/AddV2;model_1/tf.nn.relu_18/Relu;model_1/tf.math.negative_9/Neg;model_1/tf.nn.relu_19/Relu;model_1/tf.math.multiply_23/Mul1
Prelu,Maximum,NPU,0,0.0,0,0.0,0,0,0,0,0,0,0.0,100,model_1/tf.__operators__.add_9/AddV2;model_1/tf.nn.relu_18/Relu;model_1/tf.math.negative_9/Neg;model_1/tf.nn.relu_19/Relu;model_1/tf.math.multiply_23/Mul1
Conv2D,Conv2D,NPU,61216,16.968998092872667,6249,1.5449275004017455,4313,1250,6249,0,0,332800,0.8173245294121403,2.6004160665706513,model_1/tf.math.add_15/Add;model_1/tf.nn.convolution_8/convolution;Const_1011
Add,Add,NPU,0,0.0,0,0.0,0,0,0,0,0,0,0.0,100,model_1/tf.math.add_16/Add
Conv2D,Conv2D,NPU,33104,9.176387102497007,1500,0.37084193480598787,1060,1500,781,0,0,332800,0.8173245294121403,10.833333333333334,model_1/tf.math.add_17/Add;model_1/tf.nn.convolution_9/convolution;Const_991
Prelu,Mul,NPU,38400,10.644431631702666,400,0.0988911826149301,200,400,0,0,0,0,0.0,0.0,model_1/tf.__operators__.add_10/AddV2;model_1/tf.nn.relu_20/Relu;model_1/tf.math.negative_10/Neg;model_1/tf.nn.relu_21/Relu;model_1/tf.math.multiply_27/Mul1_rescaled
Prelu,Mul,NPU,44800,12.418503570319777,625,0.15451747283582828,400,625,19,0,0,0,0.0,0.0,model_1/tf.__operators__.add_10/AddV2;model_1/tf.nn.relu_20/Relu;model_1/tf.math.negative_10/Neg;model_1/tf.nn.relu_21/Relu;model_1/tf.math.multiply_27/Mul1
Prelu,Maximum,NPU,0,0.0,0,0.0,0,0,0,0,0,0,0.0,100,model_1/tf.__operators__.add_10/AddV2;model_1/tf.nn.relu_20/Relu;model_1/tf.math.negative_10/Neg;model_1/tf.nn.relu_21/Relu;model_1/tf.math.multiply_27/Mul1
DepthwiseConv2D,DepthwiseConv2D,NPU,38832,10.76418148755932,2244,0.5547795344697578,2244,408,390,0,0,46800,0.11493626194858224,1.0183405748663101,model_1/tf.math.add_18/Add;model_1/tf.compat.v1.nn.depthwise_conv2d_5/depthwise;Const_961
Prelu,Mul,NPU,38400,10.644431631702666,400,0.0988911826149301,200,400,0,0,0,0,0.0,0.0,model_1/tf.__operators__.add_11/AddV2;model_1/tf.nn.relu_22/Relu;model_1/tf.math.negative_11/Neg;model_1/tf.nn.relu_23/Relu;model_1/tf.math.multiply_29/Mul1_rescaled
Prelu,Mul,NPU,44800,12.418503570319777,625,0.15451747283582828,400,625,19,0,0,0,0.0,0.0,model_1/tf.__operators__.add_11/AddV2;model_1/tf.nn.relu_22/Relu;model_1/tf.math.negative_11/Neg;model_1/tf.nn.relu_23/Relu;model_1/tf.math.multiply_29/Mul1
Prelu,Maximum,NPU,0,0.0,0,0.0,0,0,0,0,0,0,0.0,100,model_1/tf.__operators__.add_11/AddV2;model_1/tf.nn.relu_22/Relu;model_1/tf.math.negative_11/Neg;model_1/tf.nn.relu_23/Relu;model_1/tf.math.multiply_29/Mul1
Conv2D,Conv2D,NPU,61248,16.97786845256575,6249,1.5449275004017455,4313,1250,6249,0,0,332800,0.8173245294121403,2.6004160665706513,model_1/tf.math.add_19/Add;model_1/tf.nn.convolution_10/convolution;Const_931
Add,Add,NPU,0,0.0,0,0.0,0,0,0,0,0,0,0.0,100,model_1/tf.math.add_20/Add
Conv2D,Conv2D,NPU,139392,38.639286823080674,11718,2.897017194704377,4504,7985,11718,0,0,5913600,14.523228176477263,24.6415770609319,model_1/tf.math.add_21/Add;model_1/tf.nn.convolution_11/convolution;Const_911
Prelu,Mul,NPU,192000,53.22215815851333,6000,1.4833677392239515,3000,6000,0,0,0,0,0.0,0.0,model_1/tf.__operators__.add_12/AddV2;model_1/tf.nn.relu_24/Relu;model_1/tf.math.negative_12/Neg;model_1/tf.nn.relu_25/Relu;model_1/tf.math.multiply_33/Mul1_rescaled
Prelu,Mul,NPU,288000,79.83323723776999,9375,2.317762092537424,6000,9375,292,0,0,0,0.0,0.0,model_1/tf.__operators__.add_12/AddV2;model_1/tf.nn.relu_24/Relu;model_1/tf.math.negative_12/Neg;model_1/tf.nn.relu_25/Relu;model_1/tf.math.multiply_33/Mul1
Prelu,Maximum,NPU,0,0.0,0,0.0,0,0,0,0,0,0,0.0,100,model_1/tf.__operators__.add_12/AddV2;model_1/tf.nn.relu_24/Relu;model_1/tf.math.negative_12/Neg;model_1/tf.nn.relu_25/Relu;model_1/tf.math.multiply_33/Mul1
DepthwiseConv2D,DepthwiseConv2D,NPU,125024,34.65649532088526,5859,1.4485085973521885,2338,4687,5859,0,0,207900,0.5105822405792788,1.7326108870967742,model_1/tf.math.add_22/Add;model_1/tf.compat.v1.nn.depthwise_conv2d_6/depthwise;Const_871
Prelu,Mul,NPU,48000,13.305539539628333,1500,0.37084193480598787,750,1500,0,0,0,0,0.0,0.0,model_1/tf.__operators__.add_13/AddV2;model_1/tf.nn.relu_26/Relu;model_1/tf.math.negative_13/Neg;model_1/tf.nn.relu_27/Relu;model_1/tf.math.multiply_35/Mul1_rescaled
Prelu,Mul,NPU,72000,19.958309309442498,2343,0.5792551021669531,1500,2343,48,0,0,0,0.0,0.0,model_1/tf.__operators__.add_13/AddV2;model_1/tf.nn.relu_26/Relu;model_1/tf.math.negative_13/Neg;model_1/tf.nn.relu_27/Relu;model_1/tf.math.multiply_35/Mul1
Prelu,Maximum,NPU,0,0.0,0,0.0,0,0,0,0,0,0,0.0,100,model_1/tf.__operators__.add_13/AddV2;model_1/tf.nn.relu_26/Relu;model_1/tf.math.negative_13/Neg;model_1/tf.nn.relu_27/Relu;model_1/tf.math.multiply_35/Mul1
Conv2D,Conv2D,NPU,36800,10.200913647048388,4764,1.1777939849438175,4764,1171,3124,0,0,2956800,7.261614088238631,30.305415617128464,model_1/tf.math.add_23/Add;model_1/tf.nn.convolution_12/convolution;Const_841
Conv2D,Conv2D,NPU,72032,19.967179669135582,6249,1.5449275004017455,3775,2571,6249,0,0,2956800,7.261614088238631,23.103696591454632,model_1/tf.math.add_24/Add;model_1/tf.nn.convolution_13/convolution;Const_821
Prelu,Mul,NPU,60800,16.853683416862555,1500,0.37084193480598787,750,1500,0,0,0,0,0.0,0.0,model_1/tf.__operators__.add_14/AddV2;model_1/tf.nn.relu_28/Relu;model_1/tf.math.negative_14/Neg;model_1/tf.nn.relu_29/Relu;model_1/tf.math.multiply_37/Mul1_rescaled
Prelu,Mul,NPU,84800,23.50645318667672,2343,0.5792551021669531,1500,2343,48,0,0,0,0.0,0.0,model_1/tf.__operators__.add_14/AddV2;model_1/tf.nn.relu_28/Relu;model_1/tf.math.negative_14/Neg;model_1/tf.nn.relu_29/Relu;model_1/tf.math.multiply_37/Mul1
Prelu,Maximum,NPU,0,0.0,0,0.0,0,0,0,0,0,0,0.0,100,model_1/tf.__operators__.add_14/AddV2;model_1/tf.nn.relu_28/Relu;model_1/tf.math.negative_14/Neg;model_1/tf.nn.relu_29/Relu;model_1/tf.math.multiply_37/Mul1
DepthwiseConv2D,DepthwiseConv2D,NPU,65824,18.246329888676986,5859,1.4485085973521885,3422,1582,5859,0,0,207900,0.5105822405792788,1.7326108870967742,model_1/tf.math.add_25/Add;model_1/tf.compat.v1.nn.depthwise_conv2d_7/depthwise;Const_791
Prelu,Mul,NPU,60800,16.853683416862555,1500,0.37084193480598787,750,1500,0,0,0,0,0.0,0.0,model_1/tf.__operators__.add_15/AddV2;model_1/tf.nn.relu_30/Relu;model_1/tf.math.negative_15/Neg;model_1/tf.nn.relu_31/Relu;model_1/tf.math.multiply_39/Mul1_rescaled
Prelu,Mul,NPU,84800,23.50645318667672,2343,0.5792551021669531,1500,2343,48,0,0,0,0.0,0.0,model_1/tf.__operators__.add_15/AddV2;model_1/tf.nn.relu_30/Relu;model_1/tf.math.negative_15/Neg;model_1/tf.nn.relu_31/Relu;model_1/tf.math.multiply_39/Mul1
Prelu,Maximum,NPU,0,0.0,0,0.0,0,0,0,0,0,0,0.0,100,model_1/tf.__operators__.add_15/AddV2;model_1/tf.nn.relu_30/Relu;model_1/tf.math.negative_15/Neg;model_1/tf.nn.relu_31/Relu;model_1/tf.math.multiply_39/Mul1
Conv2D,Conv2D,NPU,49600,13.749057524282609,5648,1.396343498522813,5648,1171,3124,0,0,2956800,7.261614088238631,25.562145892351275,model_1/tf.math.add_26/Add;model_1/tf.nn.convolution_14/convolution;Const_761
Add,Add,NPU,0,0.0,0,0.0,0,0,0,0,0,0,0.0,100,model_1/tf.math.add_27/Add
Conv2D,Conv2D,NPU,27152,7.526500199583093,1562,0.386170068111302,989,828,1562,0,0,665600,1.6346490588242806,20.806658130601793,model_1/tf.math.add_28/Add;model_1/tf.nn.convolution_15/convolution;Const_741
Prelu,Mul,NPU,25600,7.0962877544684435,400,0.0988911826149301,200,400,0,0,0,0,0.0,0.0,model_1/tf.__operators__.add_16/AddV2;model_1/tf.nn.relu_32/Relu;model_1/tf.math.negative_16/Neg;model_1/tf.nn.relu_33/Relu;model_1/tf.math.multiply_43/Mul1_rescaled
Prelu,Mul,NPU,32000,8.870359693085554,625,0.15451747283582828,400,625,19,0,0,0,0.0,0.0,model_1/tf.__operators__.add_16/AddV2;model_1/tf.nn.relu_32/Relu;model_1/tf.math.negative_16/Neg;model_1/tf.nn.relu_33/Relu;model_1/tf.math.multiply_43/Mul1
Prelu,Maximum,NPU,0,0.0,0,0.0,0,0,0,0,0,0,0.0,100,model_1/tf.__operators__.add_16/AddV2;model_1/tf.nn.relu_32/Relu;model_1/tf.math.negative_16/Neg;model_1/tf.nn.relu_33/Relu;model_1/tf.math.multiply_43/Mul1
DepthwiseConv2D,DepthwiseConv2D,NPU,27120,7.517629839890008,1562,0.386170068111302,1209,429,1562,0,0,46800,0.11493626194858224,1.4629681498079385,model_1/tf.math.add_29/Add;model_1/tf.compat.v1.nn.depthwise_conv2d_8/depthwise;Const_711
Prelu,Mul,NPU,25600,7.0962877544684435,400,0.0988911826149301,200,400,0,0,0,0,0.0,0.0,model_1/tf.__operators__.add_17/AddV2;model_1/tf.nn.relu_34/Relu;model_1/tf.math.negative_17/Neg;model_1/tf.nn.relu_35/Relu;model_1/tf.math.multiply_45/Mul1_rescaled
Prelu,Mul,NPU,32000,8.870359693085554,625,0.15451747283582828,400,625,19,0,0,0,0.0,0.0,model_1/tf.__operators__.add_17/AddV2;model_1/tf.nn.relu_34/Relu;model_1/tf.math.negative_17/Neg;model_1/tf.nn.relu_35/Relu;model_1/tf.math.multiply_45/Mul1
Prelu,Maximum,NPU,0,0.0,0,0.0,0,0,0,0,0,0,0.0,100,model_1/tf.__operators__.add_17/AddV2;model_1/tf.nn.relu_34/Relu;model_1/tf.math.negative_17/Neg;model_1/tf.nn.relu_35/Relu;model_1/tf.math.multiply_45/Mul1
Conv2D,Conv2D,NPU,32000,8.870359693085554,4710,1.1644436752908018,4710,625,3124,0,0,665600,1.6346490588242806,6.900212314225053,model_1/tf.math.add_30/Add;model_1/tf.nn.convolution_16/convolution;Const_681
Add,Add,NPU,0,0.0,0,0.0,0,0,0,0,0,0,0.0,100,model_1/tf.math.add_31/Add
Conv2D,Conv2D,NPU,19904,5.517363729099215,781,0.193085034055651,725,625,781,0,0,332800,0.8173245294121403,20.806658130601793,model_1/tf.math.add_32/Add;model_1/tf.nn.convolution_17/convolution;Const_661
Prelu,Mul,NPU,19200,5.322215815851333,200,0.04944559130746505,100,200,0,0,0,0,0.0,0.0,model_1/tf.__operators__.add_18/AddV2;model_1/tf.nn.relu_36/Relu;model_1/tf.math.negative_18/Neg;model_1/tf.nn.relu_37/Relu;model_1/tf.math.multiply_49/Mul1_rescaled
Prelu,Mul,NPU,22400,6.209251785159888,312,0.07713512243964547,200,312,19,0,0,0,0.0,0.0,model_1/tf.__operators__.add_18/AddV2;model_1/tf.nn.relu_36/Relu;model_1/tf.math.negative_18/Neg;model_1/tf.nn.relu_37/Relu;model_1/tf.math.multiply_49/Mul1
Prelu,Maximum,NPU,0,0.0,0,0.0,0,0,0,0,0,0,0.0,100,model_1/tf.__operators__.add_18/AddV2;model_1/tf.nn.relu_36/Relu;model_1/tf.math.negative_18/Neg;model_1/tf.nn.relu_37/Relu;model_1/tf.math.multiply_49/Mul1
DepthwiseConv2D,DepthwiseConv2D,NPU,20064,5.561715527564643,897,0.22176347701398075,897,219,781,0,0,23400,0.05746813097429112,1.2737771739130435,model_1/tf.math.add_33/Add;model_1/tf.compat.v1.nn.depthwise_conv2d_9/depthwise;Const_631
Prelu,Mul,NPU,19200,5.322215815851333,200,0.04944559130746505,100,200,0,0,0,0,0.0,0.0,model_1/tf.__operators__.add_19/AddV2;model_1/tf.nn.relu_38/Relu;model_1/tf.math.negative_19/Neg;model_1/tf.nn.relu_39/Relu;model_1/tf.math.multiply_51/Mul1_rescaled
Prelu,Mul,NPU,22400,6.209251785159888,312,0.07713512243964547,200,312,19,0,0,0,0.0,0.0,model_1/tf.__operators__.add_19/AddV2;model_1/tf.nn.relu_38/Relu;model_1/tf.math.negative_19/Neg;model_1/tf.nn.relu_39/Relu;model_1/tf.math.multiply_51/Mul1
Prelu,Maximum,NPU,0,0.0,0,0.0,0,0,0,0,0,0,0.0,100,model_1/tf.__operators__.add_19/AddV2;model_1/tf.nn.relu_38/Relu;model_1/tf.math.negative_19/Neg;model_1/tf.nn.relu_39/Relu;model_1/tf.math.multiply_51/Mul1
Conv2D,Conv2D,NPU,28800,7.983323723776999,4723,1.167657638725787,4723,625,3124,0,0,332800,0.8173245294121403,3.440609781918272,model_1/tf.math.add_34/Add;model_1/tf.nn.convolution_18/convolution;Const_601
Add,Add,NPU,0,0.0,0,0.0,0,0,0,0,0,0,0.0,100,model_1/tf.math.add_35/Add
Conv2D,Conv2D,NPU,31520,8.73730429768927,1953,0.48283619911739617,1465,960,1953,0,0,985600,2.420538029412877,24.6415770609319,model_1/tf.math.add_36/Add;model_1/tf.nn.convolution_19/convolution;Const_581
Prelu,Mul,NPU,28800,7.983323723776999,500,0.12361397826866262,250,500,0,0,0,0,0.0,0.0,model_1/tf.__operators__.add_20/AddV2;model_1/tf.nn.relu_40/Relu;model_1/tf.math.negative_20/Neg;model_1/tf.nn.relu_41/Relu;model_1/tf.math.multiply_55/Mul1_rescaled
Prelu,Mul,NPU,36800,10.200913647048388,781,0.193085034055651,500,781,48,0,0,0,0.0,0.0,model_1/tf.__operators__.add_20/AddV2;model_1/tf.nn.relu_40/Relu;model_1/tf.math.negative_20/Neg;model_1/tf.nn.relu_41/Relu;model_1/tf.math.multiply_55/Mul1
Prelu,Maximum,NPU,0,0.0,0,0.0,0,0,0,0,0,0,0.0,100,model_1/tf.__operators__.add_20/AddV2;model_1/tf.nn.relu_40/Relu;model_1/tf.math.negative_20/Neg;model_1/tf.nn.relu_41/Relu;model_1/tf.math.multiply_55/Mul1
DepthwiseConv2D,DepthwiseConv2D,NPU,30752,8.524415665055217,1953,0.48283619911739617,1379,536,1953,0,0,69300,0.17019408019309293,1.7326108870967742,model_1/tf.math.add_37/Add;model_1/tf.compat.v1.nn.depthwise_conv2d_10/depthwise;Const_551
Prelu,Mul,NPU,28800,7.983323723776999,500,0.12361397826866262,250,500,0,0,0,0,0.0,0.0,model_1/tf.__operators__.add_21/AddV2;model_1/tf.nn.relu_42/Relu;model_1/tf.math.negative_21/Neg;model_1/tf.nn.relu_43/Relu;model_1/tf.math.multiply_57/Mul1_rescaled
Prelu,Mul,NPU,36800,10.200913647048388,781,0.193085034055651,500,781,48,0,0,0,0.0,0.0,model_1/tf.__operators__.add_21/AddV2;model_1/tf.nn.relu_42/Relu;model_1/tf.math.negative_21/Neg;model_1/tf.nn.relu_43/Relu;model_1/tf.math.multiply_57/Mul1
Prelu,Maximum,NPU,0,0.0,0,0.0,0,0,0,0,0,0,0.0,100,model_1/tf.__operators__.add_21/AddV2;model_1/tf.nn.relu_42/Relu;model_1/tf.math.negative_21/Neg;model_1/tf.nn.relu_43/Relu;model_1/tf.math.multiply_57/Mul1
Conv2D,Conv2D,NPU,33600,9.313877677739832,4873,1.2047418322063859,4873,650,3124,0,0,985600,2.420538029412877,9.875846501128668,model_1/tf.math.add_38/Add;model_1/tf.nn.convolution_20/convolution;Const_521
Add,Add,NPU,0,0.0,0,0.0,0,0,0,0,0,0,0.0,100,model_1/tf.math.add_39/Add
Conv2D,Conv2D,NPU,19824,5.495187829866501,781,0.193085034055651,725,625,781,0,0,332800,0.8173245294121403,20.806658130601793,model_1/tf.math.add_40/Add;model_1/tf.nn.convolution_21/convolution;Const_501
Prelu,Mul,NPU,19200,5.322215815851333,200,0.04944559130746505,100,200,0,0,0,0,0.0,0.0,model_1/tf.__operators__.add_22/AddV2;model_1/tf.nn.relu_44/Relu;model_1/tf.math.negative_22/Neg;model_1/tf.nn.relu_45/Relu;model_1/tf.math.multiply_61/Mul1_rescaled
Prelu,Mul,NPU,22400,6.209251785159888,312,0.07713512243964547,200,312,19,0,0,0,0.0,0.0,model_1/tf.__operators__.add_22/AddV2;model_1/tf.nn.relu_44/Relu;model_1/tf.math.negative_22/Neg;model_1/tf.nn.relu_45/Relu;model_1/tf.math.multiply_61/Mul1
Prelu,Maximum,NPU,0,0.0,0,0.0,0,0,0,0,0,0,0.0,100,model_1/tf.__operators__.add_22/AddV2;model_1/tf.nn.relu_44/Relu;model_1/tf.math.negative_22/Neg;model_1/tf.nn.relu_45/Relu;model_1/tf.math.multiply_61/Mul1
DepthwiseConv2D,DepthwiseConv2D,NPU,20064,5.561715527564643,897,0.22176347701398075,897,219,781,0,0,23400,0.05746813097429112,1.2737771739130435,model_1/tf.math.add_41/Add;model_1/tf.compat.v1.nn.depthwise_conv2d_11/depthwise;Const_471
Prelu,Mul,NPU,19200,5.322215815851333,200,0.04944559130746505,100,200,0,0,0,0,0.0,0.0,model_1/tf.__operators__.add_23/AddV2;model_1/tf.nn.relu_46/Relu;model_1/tf.math.negative_23/Neg;model_1/tf.nn.relu_47/Relu;model_1/tf.math.multiply_63/Mul1_rescaled
Prelu,Mul,NPU,22400,6.209251785159888,312,0.07713512243964547,200,312,19,0,0,0,0.0,0.0,model_1/tf.__operators__.add_23/AddV2;model_1/tf.nn.relu_46/Relu;model_1/tf.math.negative_23/Neg;model_1/tf.nn.relu_47/Relu;model_1/tf.math.multiply_63/Mul1
Prelu,Maximum,NPU,0,0.0,0,0.0,0,0,0,0,0,0,0.0,100,model_1/tf.__operators__.add_23/AddV2;model_1/tf.nn.relu_46/Relu;model_1/tf.math.negative_23/Neg;model_1/tf.nn.relu_47/Relu;model_1/tf.math.multiply_63/Mul1
Conv2D,Conv2D,NPU,28800,7.983323723776999,4723,1.167657638725787,4723,625,3124,0,0,332800,0.8173245294121403,3.440609781918272,model_1/tf.math.add_42/Add;model_1/tf.nn.convolution_22/convolution;Const_441
Add,Add,NPU,0,0.0,0,0.0,0,0,0,0,0,0,0.0,100,model_1/tf.math.add_43/Add
Conv2D,Conv2D,NPU,19824,5.495187829866501,781,0.193085034055651,725,625,781,0,0,332800,0.8173245294121403,20.806658130601793,model_1/tf.math.add_44/Add;model_1/tf.nn.convolution_23/convolution;Const_421
Prelu,Mul,NPU,19200,5.322215815851333,200,0.04944559130746505,100,200,0,0,0,0,0.0,0.0,model_1/tf.__operators__.add_24/AddV2;model_1/tf.nn.relu_48/Relu;model_1/tf.math.negative_24/Neg;model_1/tf.nn.relu_49/Relu;model_1/tf.math.multiply_67/Mul1_rescaled
Prelu,Mul,NPU,22400,6.209251785159888,312,0.07713512243964547,200,312,19,0,0,0,0.0,0.0,model_1/tf.__operators__.add_24/AddV2;model_1/tf.nn.relu_48/Relu;model_1/tf.math.negative_24/Neg;model_1/tf.nn.relu_49/Relu;model_1/tf.math.multiply_67/Mul1
Prelu,Maximum,NPU,0,0.0,0,0.0,0,0,0,0,0,0,0.0,100,model_1/tf.__operators__.add_24/AddV2;model_1/tf.nn.relu_48/Relu;model_1/tf.math.negative_24/Neg;model_1/tf.nn.relu_49/Relu;model_1/tf.math.multiply_67/Mul1
DepthwiseConv2D,DepthwiseConv2D,NPU,20064,5.561715527564643,897,0.22176347701398075,897,219,781,0,0,23400,0.05746813097429112,1.2737771739130435,model_1/tf.math.add_45/Add;model_1/tf.compat.v1.nn.depthwise_conv2d_12/depthwise;Const_391
Prelu,Mul,NPU,19200,5.322215815851333,200,0.04944559130746505,100,200,0,0,0,0,0.0,0.0,model_1/tf.__operators__.add_25/AddV2;model_1/tf.nn.relu_50/Relu;model_1/tf.math.negative_25/Neg;model_1/tf.nn.relu_51/Relu;model_1/tf.math.multiply_69/Mul1_rescaled
Prelu,Mul,NPU,22400,6.209251785159888,312,0.07713512243964547,200,312,19,0,0,0,0.0,0.0,model_1/tf.__operators__.add_25/AddV2;model_1/tf.nn.relu_50/Relu;model_1/tf.math.negative_25/Neg;model_1/tf.nn.relu_51/Relu;model_1/tf.math.multiply_69/Mul1
Prelu,Maximum,NPU,0,0.0,0,0.0,0,0,0,0,0,0,0.0,100,model_1/tf.__operators__.add_25/AddV2;model_1/tf.nn.relu_50/Relu;model_1/tf.math.negative_25/Neg;model_1/tf.nn.relu_51/Relu;model_1/tf.math.multiply_69/Mul1
Conv2D,Conv2D,NPU,28800,7.983323723776999,4723,1.167657638725787,4723,625,3124,0,0,332800,0.8173245294121403,3.440609781918272,model_1/tf.math.add_46/Add;model_1/tf.nn.convolution_24/convolution;Const_361
Add,Add,NPU,0,0.0,0,0.0,0,0,0,0,0,0,0.0,100,model_1/tf.math.add_47/Add
Conv2D,Conv2D,NPU,44800,12.418503570319777,7812,1.9313447964695847,7789,2200,7812,0,0,3942400,9.682152117651508,24.6415770609319,model_1/tf.math.add_48/Add;model_1/tf.nn.convolution_25/convolution;Const_341
Prelu,Mul,NPU,64000,17.740719386171108,2000,0.4944559130746505,1000,2000,0,0,0,0,0.0,0.0,model_1/tf.__operators__.add_26/AddV2;model_1/tf.nn.relu_52/Relu;model_1/tf.math.negative_26/Neg;model_1/tf.nn.relu_53/Relu;model_1/tf.math.multiply_73/Mul1_rescaled
Prelu,Mul,NPU,96000,26.611079079256665,3125,0.7725873641791414,2000,3125,65,0,0,0,0.0,0.0,model_1/tf.__operators__.add_26/AddV2;model_1/tf.nn.relu_52/Relu;model_1/tf.math.negative_26/Neg;model_1/tf.nn.relu_53/Relu;model_1/tf.math.multiply_73/Mul1
Prelu,Maximum,NPU,0,0.0,0,0.0,0,0,0,0,0,0,0.0,100,model_1/tf.__operators__.add_26/AddV2;model_1/tf.nn.relu_52/Relu;model_1/tf.math.negative_26/Neg;model_1/tf.nn.relu_53/Relu;model_1/tf.math.multiply_73/Mul1
DepthwiseConv2D,DepthwiseConv2D,NPU,46656,12.932984432518738,7812,1.9313447964695847,4817,1562,7812,0,0,69300,0.17019408019309293,0.43315272177419356,model_1/tf.math.add_49/Add;model_1/tf.compat.v1.nn.depthwise_conv2d_13/depthwise;Const_301
Prelu,Mul,NPU,16000,4.435179846542777,500,0.12361397826866262,250,500,0,0,0,0,0.0,0.0,model_1/tf.__operators__.add_27/AddV2;model_1/tf.nn.relu_54/Relu;model_1/tf.math.negative_27/Neg;model_1/tf.nn.relu_55/Relu;model_1/tf.math.multiply_75/Mul1_rescaled
Prelu,Mul,NPU,24000,6.652769769814166,781,0.193085034055651,500,781,48,0,0,0,0.0,0.0,model_1/tf.__operators__.add_27/AddV2;model_1/tf.nn.relu_54/Relu;model_1/tf.math.negative_27/Neg;model_1/tf.nn.relu_55/Relu;model_1/tf.math.multiply_75/Mul1
Prelu,Maximum,NPU,0,0.0,0,0.0,0,0,0,0,0,0,0.0,100,model_1/tf.__operators__.add_27/AddV2;model_1/tf.nn.relu_54/Relu;model_1/tf.math.negative_27/Neg;model_1/tf.nn.relu_55/Relu;model_1/tf.math.multiply_75/Mul1
Conv2D,Conv2D,NPU,11200,3.104625892579944,3576,0.884087172577475,3519,390,3576,0,0,985600,2.420538029412877,13.457774049217003,model_1/tf.math.add_50/Add;model_1/tf.nn.convolution_26/convolution;Const_271
Conv2D,Conv2D,NPU,7904,2.190978844192132,781,0.193085034055651,302,237,781,0,0,83200,0.20433113235303507,5.201664532650448,model_1/tf.math.add_51/Add;model_1/tf.nn.convolution_27/convolution;Const_251
Prelu,Mul,NPU,4800,1.3305539539628333,50,0.012361397826866263,25,50,0,0,0,0,0.0,0.0,model_1/tf.__operators__.add_28/AddV2;model_1/tf.nn.relu_56/Relu;model_1/tf.math.negative_28/Neg;model_1/tf.nn.relu_57/Relu;model_1/tf.math.multiply_77/Mul1_rescaled
Prelu,Mul,NPU,5600,1.552312946289972,78,0.01928378060991137,50,78,19,0,0,0,0.0,0.0,model_1/tf.__operators__.add_28/AddV2;model_1/tf.nn.relu_56/Relu;model_1/tf.math.negative_28/Neg;model_1/tf.nn.relu_57/Relu;model_1/tf.math.multiply_77/Mul1
Prelu,Maximum,NPU,0,0.0,0,0.0,0,0,0,0,0,0,0.0,100,model_1/tf.__operators__.add_28/AddV2;model_1/tf.nn.relu_56/Relu;model_1/tf.math.negative_28/Neg;model_1/tf.nn.relu_57/Relu;model_1/tf.math.multiply_77/Mul1
DepthwiseConv2D,DepthwiseConv2D,NPU,4800,1.3305539539628333,781,0.193085034055651,762,50,781,0,0,5850,0.01436703274357278,0.36574203745198464,model_1/tf.math.add_52/Add;model_1/tf.compat.v1.nn.depthwise_conv2d_14/depthwise;Const_221
Prelu,Mul,NPU,4800,1.3305539539628333,50,0.012361397826866263,25,50,0,0,0,0,0.0,0.0,model_1/tf.__operators__.add_29/AddV2;model_1/tf.nn.relu_58/Relu;model_1/tf.math.negative_29/Neg;model_1/tf.nn.relu_59/Relu;model_1/tf.math.multiply_79/Mul1_rescaled
Prelu,Mul,NPU,5600,1.552312946289972,78,0.01928378060991137,50,78,19,0,0,0,0.0,0.0,model_1/tf.__operators__.add_29/AddV2;model_1/tf.nn.relu_58/Relu;model_1/tf.math.negative_29/Neg;model_1/tf.nn.relu_59/Relu;model_1/tf.math.multiply_79/Mul1
Prelu,Maximum,NPU,0,0.0,0,0.0,0,0,0,0,0,0,0.0,100,model_1/tf.__operators__.add_29/AddV2;model_1/tf.nn.relu_58/Relu;model_1/tf.math.negative_29/Neg;model_1/tf.nn.relu_59/Relu;model_1/tf.math.multiply_79/Mul1
Conv2D,Conv2D,NPU,7200,1.9958309309442497,3813,0.9426801982768211,3813,156,3124,0,0,83200,0.20433113235303507,1.0654340414371886,model_1/tf.math.add_53/Add;model_1/tf.nn.convolution_28/convolution;Const_191
Add,Add,NPU,0,0.0,0,0.0,0,0,0,0,0,0,0.0,100,model_1/tf.math.add_54/Add
Conv2D,Conv2D,NPU,7888,2.186543664345589,781,0.193085034055651,302,236,781,0,0,83200,0.20433113235303507,5.201664532650448,model_1/tf.math.add_55/Add;model_1/tf.nn.convolution_29/convolution;Const_171
Prelu,Mul,NPU,4800,1.3305539539628333,50,0.012361397826866263,25,50,0,0,0,0,0.0,0.0,model_1/tf.__operators__.add_30/AddV2;model_1/tf.nn.relu_60/Relu;model_1/tf.math.negative_30/Neg;model_1/tf.nn.relu_61/Relu;model_1/tf.math.multiply_83/Mul1_rescaled
Prelu,Mul,NPU,5600,1.552312946289972,78,0.01928378060991137,50,78,19,0,0,0,0.0,0.0,model_1/tf.__operators__.add_30/AddV2;model_1/tf.nn.relu_60/Relu;model_1/tf.math.negative_30/Neg;model_1/tf.nn.relu_61/Relu;model_1/tf.math.multiply_83/Mul1
Prelu,Maximum,NPU,0,0.0,0,0.0,0,0,0,0,0,0,0.0,100,model_1/tf.__operators__.add_30/AddV2;model_1/tf.nn.relu_60/Relu;model_1/tf.math.negative_30/Neg;model_1/tf.nn.relu_61/Relu;model_1/tf.math.multiply_83/Mul1
DepthwiseConv2D,DepthwiseConv2D,NPU,4800,1.3305539539628333,781,0.193085034055651,762,50,781,0,0,5850,0.01436703274357278,0.36574203745198464,model_1/tf.math.add_56/Add;model_1/tf.compat.v1.nn.depthwise_conv2d_15/depthwise;Const_141
Prelu,Mul,NPU,4800,1.3305539539628333,50,0.012361397826866263,25,50,0,0,0,0,0.0,0.0,model_1/tf.__operators__.add_31/AddV2;model_1/tf.nn.relu_62/Relu;model_1/tf.math.negative_31/Neg;model_1/tf.nn.relu_63/Relu;model_1/tf.math.multiply_85/Mul1_rescaled
Prelu,Mul,NPU,5600,1.552312946289972,78,0.01928378060991137,50,78,19,0,0,0,0.0,0.0,model_1/tf.__operators__.add_31/AddV2;model_1/tf.nn.relu_62/Relu;model_1/tf.math.negative_31/Neg;model_1/tf.nn.relu_63/Relu;model_1/tf.math.multiply_85/Mul1
Prelu,Maximum,NPU,0,0.0,0,0.0,0,0,0,0,0,0,0.0,100,model_1/tf.__operators__.add_31/AddV2;model_1/tf.nn.relu_62/Relu;model_1/tf.math.negative_31/Neg;model_1/tf.nn.relu_63/Relu;model_1/tf.math.multiply_85/Mul1
Conv2D,Conv2D,NPU,7200,1.9958309309442497,3813,0.9426801982768211,3813,156,3124,0,0,83200,0.20433113235303507,1.0654340414371886,model_1/tf.math.add_57/Add;model_1/tf.nn.convolution_30/convolution;Const_111
Add,Add,NPU,0,0.0,0,0.0,0,0,0,0,0,0,0.0,100,model_1/tf.math.add_58/Add
Conv2D,Conv2D,NPU,16000,4.435179846542777,12499,3.090102228760028,11745,625,12499,0,0,1638400,4.023751529413614,6.400512040963277,model_1/tf.math.add_59/Add;model_1/tf.nn.convolution_31/convolution;Const_91
Prelu,Mul,NPU,25600,7.0962877544684435,800,0.1977823652298602,400,800,0,0,0,0,0.0,0.0,model_1/tf.__operators__.add_32/AddV2;model_1/tf.nn.relu_64/Relu;model_1/tf.math.negative_32/Neg;model_1/tf.nn.relu_65/Relu;model_1/tf.math.multiply_89/Mul1_rescaled
Prelu,Mul,NPU,38400,10.644431631702666,1250,0.30903494567165657,800,1250,78,0,0,0,0.0,0.0,model_1/tf.__operators__.add_32/AddV2;model_1/tf.nn.relu_64/Relu;model_1/tf.math.negative_32/Neg;model_1/tf.nn.relu_65/Relu;model_1/tf.math.multiply_89/Mul1
Prelu,Maximum,NPU,0,0.0,0,0.0,0,0,0,0,0,0,0.0,100,model_1/tf.__operators__.add_32/AddV2;model_1/tf.nn.relu_64/Relu;model_1/tf.math.negative_32/Neg;model_1/tf.nn.relu_65/Relu;model_1/tf.math.multiply_89/Mul1
DepthwiseConv2D,DepthwiseConv2D,NPU,13312,3.6900696323235906,14448,3.571949516051275,14448,625,12499,0,0,12800,0.03143555882354386,0.043258582502768546,model_1/tf.math.add_60/Add;model_1/tf.compat.v1.nn.depthwise_conv2d_16/depthwise;Const_61
FullyConnected,FullyConnected,NPU,640,0.17740719386171108,5955,1.4722424811797719,3596,50,5955,0,0,65536,0.16095006117654456,0.5373635600335852,model_1/tf.linalg.matmul/MatMul;model_1/tf.__operators__.add_33/AddV2
FullyConnected,FullyConnected,NPU,2208,0.6120548188229032,1562,0.386170068111302,451,70,1562,0,0,384,0.0009430667647063157,0.012003841229193343,PartitionedCall:0
